samp,population,mito,nuclear,rep
DS1,AA1,A,A,1
DS2,AA1,A,A,1
DS3,AA1,A,A,1
DS4,AA1,A,A,1
DS6,AA1,A,A,1
DS7,AA1,A,A,1
DS8,AA1,A,A,1
DS9,AA1,A,A,1
DS10,AA1,A,A,1
DS11,AA2,A,A,2
DS12,AA2,A,A,2
DS13,AA2,A,A,2
DS14,AA2,A,A,2
DS15,AA2,A,A,2
DS16,AA2,A,A,2
DS17,AA2,A,A,2
DS18,AA2,A,A,2
DS19,AA2,A,A,2
DS20,AA2,A,A,2
DS21,AA3,A,A,3
DS22,AA3,A,A,3
DS23,AA3,A,A,3
DS24,AA3,A,A,3
DS25,AA3,A,A,3
DS26,AA3,A,A,3
DS27,AA3,A,A,3
DS28,AA3,A,A,3
DS29,AA3,A,A,3
DS30,AA3,A,A,3
DS31,AB1,A,B,1
DS32,AB1,A,B,1
DS33,AB1,A,B,1
DS34,AB1,A,B,1
DS35,AB1,A,B,1
DS36,AB1,A,B,1
DS37,AB1,A,B,1
DS38,AB1,A,B,1
DS39,AB1,A,B,1
DS40,AB1,A,B,1
DS41,AB2,A,B,2
DS42,AB2,A,B,2
DS43,AB2,A,B,2
DS44,AB2,A,B,2
DS45,AB2,A,B,2
DS46,AB2,A,B,2
DS47,AB2,A,B,2
DS48,AB2,A,B,2
DS49,AB2,A,B,2
DS50,AB2,A,B,2
DS51,AB3,A,B,3
DS52,AB3,A,B,3
DS53,AB3,A,B,3
DS54,AB3,A,B,3
DS55,AB3,A,B,3
DS56,AB3,A,B,3
DS57,AB3,A,B,3
DS58,AB3,A,B,3
DS59,AB3,A,B,3
DS60,AB3,A,B,3
DS61,BA1,B,A,1
DS62,BA1,B,A,1
DS63,BA1,B,A,1
DS64,BA1,B,A,1
DS65,BA1,B,A,1
DS66,BA1,B,A,1
DS67,BA1,B,A,1
DS68,BA1,B,A,1
DS69,BA1,B,A,1
DS70,BA1,B,A,1
DS71,BA2,B,A,2
DS73,BA2,B,A,2
DS74,BA2,B,A,2
DS75,BA2,B,A,2
DS76,BA2,B,A,2
DS77,BA2,B,A,2
DS78,BA2,B,A,2
DS79,BA2,B,A,2
DS80,BA2,B,A,2
DS81,BA3,B,A,3
DS82,BA3,B,A,3
DS83,BA3,B,A,3
DS84,BA3,B,A,3
DS85,BA3,B,A,3
DS86,BA3,B,A,3
DS87,BA3,B,A,3
DS88,BA3,B,A,3
DS89,BA3,B,A,3
DS90,BA3,B,A,3
DS91,BB1,B,B,1
DS92,BB1,B,B,1
DS93,BB1,B,B,1
DS94,BB1,B,B,1
DS96,BB1,B,B,1
DS97,BB1,B,B,1
DS98,BB1,B,B,1
DS99,BB1,B,B,1
DS100,BB1,B,B,1
DS101,BB2,B,B,2
DS102,BB2,B,B,2
DS103,BB2,B,B,2
DS104,BB2,B,B,2
DS105,BB2,B,B,2
DS106,BB2,B,B,2
DS107,BB2,B,B,2
DS108,BB2,B,B,2
DS109,BB2,B,B,2
DS110,BB2,B,B,2
DS111,BB3,B,B,3
DS112,BB3,B,B,3
DS113,BB3,B,B,3
DS114,BB3,B,B,3
DS115,BB3,B,B,3
DS116,BB3,B,B,3
DS117,BB3,B,B,3
DS118,BB3,B,B,3
DS119,BB3,B,B,3
DS120,BB3,B,B,3